"Year","Segment","SegmentLabel","Category","per_100km"
1976,"albany-augusta","Augusta–Albany","Cow-calf pairs",0.286233435642621
1976,"albany-augusta","Augusta–Albany","Unaccompanied",0.858700306927864
1977,"albany-augusta","Augusta–Albany","Cow-calf pairs",0
1977,"albany-augusta","Augusta–Albany","Unaccompanied",1.14493374257049
1977,"albany-esperance","Albany–Esperance","Cow-calf pairs",0.563934014635649
1977,"albany-esperance","Albany–Esperance","Unaccompanied",1.1278680292713
1977,"esperance-caiguna","Esperance–Caiguna","Cow-calf pairs",0
1977,"esperance-caiguna","Esperance–Caiguna","Unaccompanied",0
1978,"albany-augusta","Augusta–Albany","Cow-calf pairs",0.286233435642621
1978,"albany-augusta","Augusta–Albany","Unaccompanied",2.00363404949835
1978,"albany-esperance","Albany–Esperance","Cow-calf pairs",0.751912019514199
1978,"albany-esperance","Albany–Esperance","Unaccompanied",0.18797800487855
1978,"esperance-caiguna","Esperance–Caiguna","Cow-calf pairs",0.825368588811618
1978,"esperance-caiguna","Esperance–Caiguna","Unaccompanied",0.412684294405809
1979,"albany-augusta","Augusta–Albany","Cow-calf pairs",0
1979,"albany-augusta","Augusta–Albany","Unaccompanied",0
1979,"albany-esperance","Albany–Esperance","Cow-calf pairs",0.3759560097571
1979,"albany-esperance","Albany–Esperance","Unaccompanied",0.751912019514199
1979,"esperance-caiguna","Esperance–Caiguna","Cow-calf pairs",0
1979,"esperance-caiguna","Esperance–Caiguna","Unaccompanied",0.206342147202904
1980,"albany-augusta","Augusta–Albany","Cow-calf pairs",0.286233435642621
1980,"albany-augusta","Augusta–Albany","Unaccompanied",1.71740061385573
1980,"albany-esperance","Albany–Esperance","Cow-calf pairs",0.563934014635649
1980,"albany-esperance","Albany–Esperance","Unaccompanied",3.759560097571
1981,"albany-augusta","Augusta–Albany","Cow-calf pairs",0.286233435642621
1981,"albany-augusta","Augusta–Albany","Unaccompanied",2.00363404949835
1981,"albany-esperance","Albany–Esperance","Cow-calf pairs",0
1981,"albany-esperance","Albany–Esperance","Unaccompanied",3.57158209269245
1982,"albany-augusta","Augusta–Albany","Cow-calf pairs",0
1982,"albany-augusta","Augusta–Albany","Unaccompanied",0
1983,"albany-augusta","Augusta–Albany","Cow-calf pairs",0.572466871285243
1983,"albany-augusta","Augusta–Albany","Unaccompanied",1.71740061385573
1983,"albany-esperance","Albany–Esperance","Cow-calf pairs",0.3759560097571
1983,"albany-esperance","Albany–Esperance","Unaccompanied",0.751912019514199
1983,"esperance-caiguna","Esperance–Caiguna","Cow-calf pairs",1.65073717762324
1983,"esperance-caiguna","Esperance–Caiguna","Unaccompanied",0.206342147202904
1984,"albany-augusta","Augusta–Albany","Cow-calf pairs",0.286233435642621
1984,"albany-augusta","Augusta–Albany","Unaccompanied",0.572466871285243
1984,"albany-esperance","Albany–Esperance","Cow-calf pairs",0.751912019514199
1984,"albany-esperance","Albany–Esperance","Unaccompanied",0.751912019514199
1984,"esperance-caiguna","Esperance–Caiguna","Cow-calf pairs",0.206342147202904
1984,"esperance-caiguna","Esperance–Caiguna","Unaccompanied",1.65073717762324
1984,"caiguna-ceduna","Caiguna–Ceduna","Cow-calf pairs",1.79784228243172
1984,"caiguna-ceduna","Caiguna–Ceduna","Unaccompanied",2.69676342364758
1985,"albany-augusta","Augusta–Albany","Cow-calf pairs",0.286233435642621
1985,"albany-augusta","Augusta–Albany","Unaccompanied",0.858700306927864
1985,"albany-esperance","Albany–Esperance","Cow-calf pairs",0.939890024392749
1985,"albany-esperance","Albany–Esperance","Unaccompanied",2.44371406342115
1985,"esperance-caiguna","Esperance–Caiguna","Cow-calf pairs",0.206342147202904
1985,"esperance-caiguna","Esperance–Caiguna","Unaccompanied",2.26976361923195
1986,"albany-augusta","Augusta–Albany","Cow-calf pairs",0
1986,"albany-augusta","Augusta–Albany","Unaccompanied",0
1986,"albany-esperance","Albany–Esperance","Cow-calf pairs",0
1986,"albany-esperance","Albany–Esperance","Unaccompanied",0
1986,"esperance-caiguna","Esperance–Caiguna","Cow-calf pairs",0
1986,"esperance-caiguna","Esperance–Caiguna","Unaccompanied",0
1987,"albany-augusta","Augusta–Albany","Cow-calf pairs",0.286233435642621
1987,"albany-augusta","Augusta–Albany","Unaccompanied",0.858700306927864
1987,"albany-esperance","Albany–Esperance","Cow-calf pairs",1.31584603414985
1987,"albany-esperance","Albany–Esperance","Unaccompanied",3.0076480780568
1987,"esperance-caiguna","Esperance–Caiguna","Cow-calf pairs",1.23805288321743
1987,"esperance-caiguna","Esperance–Caiguna","Unaccompanied",4.7458693856668
1988,"albany-augusta","Augusta–Albany","Cow-calf pairs",0.286233435642621
1988,"albany-augusta","Augusta–Albany","Unaccompanied",0
1988,"albany-esperance","Albany–Esperance","Cow-calf pairs",2.06775805366405
1988,"albany-esperance","Albany–Esperance","Unaccompanied",2.2557360585426
1989,"albany-augusta","Augusta–Albany","Cow-calf pairs",0.858700306927864
1989,"albany-augusta","Augusta–Albany","Unaccompanied",0
1989,"albany-esperance","Albany–Esperance","Cow-calf pairs",0.939890024392749
1989,"albany-esperance","Albany–Esperance","Unaccompanied",1.31584603414985
1989,"esperance-caiguna","Esperance–Caiguna","Cow-calf pairs",2.06342147202904
1989,"esperance-caiguna","Esperance–Caiguna","Unaccompanied",1.23805288321743
1990,"albany-augusta","Augusta–Albany","Cow-calf pairs",0.858700306927864
1990,"albany-augusta","Augusta–Albany","Unaccompanied",5.15220184156718
1990,"albany-esperance","Albany–Esperance","Cow-calf pairs",2.6316920682997
1990,"albany-esperance","Albany–Esperance","Unaccompanied",7.14316418538489
1990,"esperance-caiguna","Esperance–Caiguna","Cow-calf pairs",1.23805288321743
1990,"esperance-caiguna","Esperance–Caiguna","Unaccompanied",5.57123797447842
1991,"albany-augusta","Augusta–Albany","Cow-calf pairs",0
1991,"albany-augusta","Augusta–Albany","Unaccompanied",0.858700306927864
1991,"albany-esperance","Albany–Esperance","Cow-calf pairs",4.1355161073281
1991,"albany-esperance","Albany–Esperance","Unaccompanied",4.51147211708519
1991,"esperance-caiguna","Esperance–Caiguna","Cow-calf pairs",1.23805288321743
1991,"esperance-caiguna","Esperance–Caiguna","Unaccompanied",4.95221153286971
1992,"albany-augusta","Augusta–Albany","Cow-calf pairs",0.572466871285243
1992,"albany-augusta","Augusta–Albany","Unaccompanied",1.14493374257049
1992,"albany-esperance","Albany–Esperance","Cow-calf pairs",1.69180204390695
1992,"albany-esperance","Albany–Esperance","Unaccompanied",5.26338413659939
1992,"esperance-caiguna","Esperance–Caiguna","Cow-calf pairs",2.26976361923195
1992,"esperance-caiguna","Esperance–Caiguna","Unaccompanied",1.03171073601452
1993,"albany-augusta","Augusta–Albany","Cow-calf pairs",0.572466871285243
1993,"albany-augusta","Augusta–Albany","Unaccompanied",1.14493374257049
1993,"albany-esperance","Albany–Esperance","Cow-calf pairs",2.6316920682997
1993,"albany-esperance","Albany–Esperance","Unaccompanied",4.51147211708519
1993,"esperance-caiguna","Esperance–Caiguna","Cow-calf pairs",4.95221153286971
1993,"esperance-caiguna","Esperance–Caiguna","Unaccompanied",2.88879006084066
1994,"albany-augusta","Augusta–Albany","Cow-calf pairs",0.858700306927864
1994,"albany-augusta","Augusta–Albany","Unaccompanied",4.57973497028194
1994,"albany-esperance","Albany–Esperance","Cow-calf pairs",2.81967007317825
1994,"albany-esperance","Albany–Esperance","Unaccompanied",4.51147211708519
1994,"esperance-caiguna","Esperance–Caiguna","Cow-calf pairs",2.06342147202904
1994,"esperance-caiguna","Esperance–Caiguna","Unaccompanied",6.60294871049294
1994,"caiguna-ceduna","Caiguna–Ceduna","Cow-calf pairs",0.337095427955947
1994,"caiguna-ceduna","Caiguna–Ceduna","Unaccompanied",0
1995,"albany-augusta","Augusta–Albany","Cow-calf pairs",0
1995,"albany-augusta","Augusta–Albany","Unaccompanied",2.86233435642621
1995,"albany-esperance","Albany–Esperance","Cow-calf pairs",2.81967007317825
1995,"albany-esperance","Albany–Esperance","Unaccompanied",4.1355161073281
1995,"esperance-caiguna","Esperance–Caiguna","Cow-calf pairs",4.12684294405809
1995,"esperance-caiguna","Esperance–Caiguna","Unaccompanied",12.7932131265801
1995,"caiguna-ceduna","Caiguna–Ceduna","Cow-calf pairs",0.112365142651982
1995,"caiguna-ceduna","Caiguna–Ceduna","Unaccompanied",0.112365142651982
1996,"albany-esperance","Albany–Esperance","Cow-calf pairs",3.57158209269245
1996,"albany-esperance","Albany–Esperance","Unaccompanied",6.76720817562779
1996,"esperance-caiguna","Esperance–Caiguna","Cow-calf pairs",3.50781650244938
1996,"esperance-caiguna","Esperance–Caiguna","Unaccompanied",10.5234495073481
1997,"albany-augusta","Augusta–Albany","Cow-calf pairs",0.858700306927864
1997,"albany-augusta","Augusta–Albany","Unaccompanied",0.286233435642621
1997,"albany-esperance","Albany–Esperance","Cow-calf pairs",2.6316920682997
1997,"albany-esperance","Albany–Esperance","Unaccompanied",6.39125216587069
1997,"esperance-caiguna","Esperance–Caiguna","Cow-calf pairs",3.71415864965228
1997,"esperance-caiguna","Esperance–Caiguna","Unaccompanied",8.04734374091328
1998,"albany-augusta","Augusta–Albany","Cow-calf pairs",1.43116717821311
1998,"albany-augusta","Augusta–Albany","Unaccompanied",3.72103466335408
1998,"albany-esperance","Albany–Esperance","Cow-calf pairs",5.63934014635649
1998,"albany-esperance","Albany–Esperance","Unaccompanied",8.64698822441329
1998,"esperance-caiguna","Esperance–Caiguna","Cow-calf pairs",7.84100159371037
1998,"esperance-caiguna","Esperance–Caiguna","Unaccompanied",13.4122395681888
1999,"albany-augusta","Augusta–Albany","Cow-calf pairs",0.286233435642621
1999,"albany-augusta","Augusta–Albany","Unaccompanied",1.14493374257049
1999,"albany-esperance","Albany–Esperance","Cow-calf pairs",4.69945012196374
1999,"albany-esperance","Albany–Esperance","Unaccompanied",3.3836040878139
1999,"esperance-caiguna","Esperance–Caiguna","Cow-calf pairs",7.22197515210166
1999,"esperance-caiguna","Esperance–Caiguna","Unaccompanied",12.5868709793772
1999,"caiguna-ceduna","Caiguna–Ceduna","Cow-calf pairs",2.35966799569163
1999,"caiguna-ceduna","Caiguna–Ceduna","Unaccompanied",14.1580079741498
2000,"albany-esperance","Albany–Esperance","Cow-calf pairs",3.57158209269245
2000,"albany-esperance","Albany–Esperance","Unaccompanied",5.26338413659939
2000,"esperance-caiguna","Esperance–Caiguna","Cow-calf pairs",5.36489582727552
2000,"esperance-caiguna","Esperance–Caiguna","Unaccompanied",14.6502924514062
2000,"caiguna-ceduna","Caiguna–Ceduna","Cow-calf pairs",3.03385885160352
2000,"caiguna-ceduna","Caiguna–Ceduna","Unaccompanied",2.80912856629956
2001,"albany-augusta","Augusta–Albany","Cow-calf pairs",0.572466871285243
2001,"albany-augusta","Augusta–Albany","Unaccompanied",2.86233435642621
2001,"albany-esperance","Albany–Esperance","Cow-calf pairs",6.76720817562779
2001,"albany-esperance","Albany–Esperance","Unaccompanied",11.4666582975915
2001,"esperance-caiguna","Esperance–Caiguna","Cow-calf pairs",9.90442306573942
2001,"esperance-caiguna","Esperance–Caiguna","Unaccompanied",13.6185817153917
2001,"caiguna-ceduna","Caiguna–Ceduna","Cow-calf pairs",5.50589198994714
2001,"caiguna-ceduna","Caiguna–Ceduna","Unaccompanied",4.26987542077533
2002,"albany-augusta","Augusta–Albany","Cow-calf pairs",1.14493374257049
2002,"albany-augusta","Augusta–Albany","Unaccompanied",1.14493374257049
2002,"albany-esperance","Albany–Esperance","Cow-calf pairs",4.88742812684229
2002,"albany-esperance","Albany–Esperance","Unaccompanied",10.1508122634417
2002,"esperance-caiguna","Esperance–Caiguna","Cow-calf pairs",11.1424759489568
2002,"esperance-caiguna","Esperance–Caiguna","Unaccompanied",20.2215304258846
2002,"caiguna-ceduna","Caiguna–Ceduna","Cow-calf pairs",3.93277999281938
2002,"caiguna-ceduna","Caiguna–Ceduna","Unaccompanied",6.74190855911894
2003,"albany-esperance","Albany–Esperance","Cow-calf pairs",4.69945012196374
2003,"albany-esperance","Albany–Esperance","Unaccompanied",12.7825043317414
2003,"esperance-caiguna","Esperance–Caiguna","Cow-calf pairs",7.63465944650747
2003,"esperance-caiguna","Esperance–Caiguna","Unaccompanied",14.2376081570004
2003,"caiguna-ceduna","Caiguna–Ceduna","Cow-calf pairs",3.14622399425551
2003,"caiguna-ceduna","Caiguna–Ceduna","Unaccompanied",0.786555998563876
2004,"albany-augusta","Augusta–Albany","Cow-calf pairs",0
2004,"albany-augusta","Augusta–Albany","Unaccompanied",0.572466871285243
2004,"albany-esperance","Albany–Esperance","Cow-calf pairs",5.26338413659939
2004,"albany-esperance","Albany–Esperance","Unaccompanied",8.83496622929184
2004,"esperance-caiguna","Esperance–Caiguna","Cow-calf pairs",8.04734374091328
2004,"esperance-caiguna","Esperance–Caiguna","Unaccompanied",8.04734374091328
2004,"caiguna-ceduna","Caiguna–Ceduna","Cow-calf pairs",3.48331942221145
2004,"caiguna-ceduna","Caiguna–Ceduna","Unaccompanied",5.84298741790308
2005,"albany-augusta","Augusta–Albany","Cow-calf pairs",0.858700306927864
2005,"albany-augusta","Augusta–Albany","Unaccompanied",1.43116717821311
2005,"albany-esperance","Albany–Esperance","Cow-calf pairs",8.64698822441329
2005,"albany-esperance","Albany–Esperance","Unaccompanied",13.5344163512556
2005,"esperance-caiguna","Esperance–Caiguna","Cow-calf pairs",13.4122395681888
2005,"esperance-caiguna","Esperance–Caiguna","Unaccompanied",23.1103204867253
2005,"caiguna-ceduna","Caiguna–Ceduna","Cow-calf pairs",7.19136912972687
2005,"caiguna-ceduna","Caiguna–Ceduna","Unaccompanied",5.84298741790308
2006,"albany-augusta","Augusta–Albany","Cow-calf pairs",3.72103466335408
2006,"albany-augusta","Augusta–Albany","Unaccompanied",6.86960245542291
2006,"albany-esperance","Albany–Esperance","Cow-calf pairs",5.82731815123504
2006,"albany-esperance","Albany–Esperance","Unaccompanied",7.51912019514199
2006,"esperance-caiguna","Esperance–Caiguna","Cow-calf pairs",10.5234495073481
2006,"esperance-caiguna","Esperance–Caiguna","Unaccompanied",12.5868709793772
2006,"caiguna-ceduna","Caiguna–Ceduna","Cow-calf pairs",7.30373427237885
2006,"caiguna-ceduna","Caiguna–Ceduna","Unaccompanied",7.30373427237885
2007,"albany-augusta","Augusta–Albany","Cow-calf pairs",0.858700306927864
2007,"albany-augusta","Augusta–Albany","Unaccompanied",1.43116717821311
2007,"albany-esperance","Albany–Esperance","Cow-calf pairs",3.57158209269245
2007,"albany-esperance","Albany–Esperance","Unaccompanied",10.9027242829559
2007,"esperance-caiguna","Esperance–Caiguna","Cow-calf pairs",3.50781650244938
2007,"esperance-caiguna","Esperance–Caiguna","Unaccompanied",9.90442306573942
2008,"albany-esperance","Albany–Esperance","Cow-calf pairs",10.9027242829559
2008,"albany-esperance","Albany–Esperance","Unaccompanied",6.57923017074924
2008,"esperance-caiguna","Esperance–Caiguna","Cow-calf pairs",16.5073717762324
2008,"esperance-caiguna","Esperance–Caiguna","Unaccompanied",16.7137139234353
2008,"caiguna-ceduna","Caiguna–Ceduna","Cow-calf pairs",9.77576741072246
2008,"caiguna-ceduna","Caiguna–Ceduna","Unaccompanied",11.7983399784581
2009,"albany-augusta","Augusta–Albany","Cow-calf pairs",1.14493374257049
2009,"albany-augusta","Augusta–Albany","Unaccompanied",3.72103466335408
2009,"albany-esperance","Albany–Esperance","Cow-calf pairs",9.58687824880604
2009,"albany-esperance","Albany–Esperance","Unaccompanied",8.83496622929184
2009,"esperance-caiguna","Esperance–Caiguna","Cow-calf pairs",21.4595833091021
2009,"esperance-caiguna","Esperance–Caiguna","Unaccompanied",27.2371634307834
2009,"caiguna-ceduna","Caiguna–Ceduna","Cow-calf pairs",10.1128628386784
2009,"caiguna-ceduna","Caiguna–Ceduna","Unaccompanied",10.7870536945903
2010,"albany-esperance","Albany–Esperance","Cow-calf pairs",6.39125216587069
2010,"albany-esperance","Albany–Esperance","Unaccompanied",15.038240390284
2010,"esperance-caiguna","Esperance–Caiguna","Cow-calf pairs",10.5234495073481
2010,"esperance-caiguna","Esperance–Caiguna","Unaccompanied",19.8088461314788
2010,"caiguna-ceduna","Caiguna–Ceduna","Cow-calf pairs",5.61825713259912
2010,"caiguna-ceduna","Caiguna–Ceduna","Unaccompanied",11.2365142651982
2011,"albany-augusta","Augusta–Albany","Cow-calf pairs",1.71740061385573
2011,"albany-augusta","Augusta–Albany","Unaccompanied",0
2011,"albany-esperance","Albany–Esperance","Cow-calf pairs",8.83496622929184
2011,"albany-esperance","Albany–Esperance","Unaccompanied",4.51147211708519
2011,"esperance-caiguna","Esperance–Caiguna","Cow-calf pairs",17.332740365044
2011,"esperance-caiguna","Esperance–Caiguna","Unaccompanied",13.6185817153917
2011,"caiguna-ceduna","Caiguna–Ceduna","Cow-calf pairs",11.3488794078502
2011,"caiguna-ceduna","Caiguna–Ceduna","Unaccompanied",12.809626262326
2012,"albany-esperance","Albany–Esperance","Cow-calf pairs",10.1508122634417
2012,"albany-esperance","Albany–Esperance","Unaccompanied",14.4743063756483
2012,"esperance-caiguna","Esperance–Caiguna","Cow-calf pairs",14.6502924514062
2012,"esperance-caiguna","Esperance–Caiguna","Unaccompanied",32.1893749636531
2012,"caiguna-ceduna","Caiguna–Ceduna","Cow-calf pairs",8.98921141215859
2012,"caiguna-ceduna","Caiguna–Ceduna","Unaccompanied",7.52846455768282
2013,"albany-augusta","Augusta–Albany","Cow-calf pairs",1.43116717821311
2013,"albany-augusta","Augusta–Albany","Unaccompanied",7.15583589106553
2013,"albany-esperance","Albany–Esperance","Cow-calf pairs",12.2185703171057
2013,"albany-esperance","Albany–Esperance","Unaccompanied",11.6546363024701
2013,"esperance-caiguna","Esperance–Caiguna","Cow-calf pairs",18.5707932482614
2013,"esperance-caiguna","Esperance–Caiguna","Unaccompanied",13.2058974209859
2013,"caiguna-ceduna","Caiguna–Ceduna","Cow-calf pairs",9.66340226807048
2013,"caiguna-ceduna","Caiguna–Ceduna","Unaccompanied",8.09029027094273
2014,"albany-augusta","Augusta–Albany","Cow-calf pairs",0.572466871285243
2014,"albany-augusta","Augusta–Albany","Unaccompanied",0
2014,"albany-esperance","Albany–Esperance","Cow-calf pairs",7.33114219026344
2014,"albany-esperance","Albany–Esperance","Unaccompanied",7.51912019514199
2014,"esperance-caiguna","Esperance–Caiguna","Cow-calf pairs",21.0468990146963
2014,"esperance-caiguna","Esperance–Caiguna","Unaccompanied",14.4439503042033
2014,"caiguna-ceduna","Caiguna–Ceduna","Cow-calf pairs",9.10157655481057
2014,"caiguna-ceduna","Caiguna–Ceduna","Unaccompanied",7.86555998563876
2015,"albany-augusta","Augusta–Albany","Cow-calf pairs",1.14493374257049
2015,"albany-augusta","Augusta–Albany","Unaccompanied",6.86960245542291
2015,"albany-esperance","Albany–Esperance","Cow-calf pairs",5.26338413659939
2015,"albany-esperance","Albany–Esperance","Unaccompanied",14.2863283707698
2015,"esperance-caiguna","Esperance–Caiguna","Cow-calf pairs",5.36489582727552
2015,"esperance-caiguna","Esperance–Caiguna","Unaccompanied",29.7132691972182
2015,"caiguna-ceduna","Caiguna–Ceduna","Cow-calf pairs",3.8204148501674
2015,"caiguna-ceduna","Caiguna–Ceduna","Unaccompanied",7.52846455768282
2016,"albany-augusta","Augusta–Albany","Cow-calf pairs",0.858700306927864
2016,"albany-augusta","Augusta–Albany","Unaccompanied",0.286233435642621
2016,"albany-esperance","Albany–Esperance","Cow-calf pairs",11.6546363024701
2016,"albany-esperance","Albany–Esperance","Unaccompanied",7.14316418538489
2016,"esperance-caiguna","Esperance–Caiguna","Cow-calf pairs",16.9200560706382
2016,"esperance-caiguna","Esperance–Caiguna","Unaccompanied",14.4439503042033
2017,"albany-augusta","Augusta–Albany","Cow-calf pairs",0.572466871285243
2017,"albany-augusta","Augusta–Albany","Unaccompanied",4.29350153463932
2017,"albany-esperance","Albany–Esperance","Cow-calf pairs",14.4743063756483
2017,"albany-esperance","Albany–Esperance","Unaccompanied",5.26338413659939
2017,"esperance-caiguna","Esperance–Caiguna","Cow-calf pairs",25.999110547566
2017,"esperance-caiguna","Esperance–Caiguna","Unaccompanied",24.7610576643485
2018,"albany-augusta","Augusta–Albany","Cow-calf pairs",1.43116717821311
2018,"albany-augusta","Augusta–Albany","Unaccompanied",5.4384352772098
2018,"albany-esperance","Albany–Esperance","Cow-calf pairs",15.038240390284
2018,"albany-esperance","Albany–Esperance","Unaccompanied",9.58687824880604
2018,"esperance-caiguna","Esperance–Caiguna","Cow-calf pairs",19.6025039842759
2018,"esperance-caiguna","Esperance–Caiguna","Unaccompanied",16.5073717762324
2018,"caiguna-ceduna","Caiguna–Ceduna","Cow-calf pairs",11.0117839798943
2018,"caiguna-ceduna","Caiguna–Ceduna","Unaccompanied",9.88813255337445
2019,"albany-augusta","Augusta–Albany","Cow-calf pairs",1.14493374257049
2019,"albany-augusta","Augusta–Albany","Unaccompanied",4.0072680989967
2019,"albany-esperance","Albany–Esperance","Cow-calf pairs",14.2863283707698
2019,"albany-esperance","Albany–Esperance","Unaccompanied",7.70709820002054
2019,"esperance-caiguna","Esperance–Caiguna","Cow-calf pairs",13.2058974209859
2019,"esperance-caiguna","Esperance–Caiguna","Unaccompanied",15.062976745812
2019,"caiguna-ceduna","Caiguna–Ceduna","Cow-calf pairs",8.65211598420264
2019,"caiguna-ceduna","Caiguna–Ceduna","Unaccompanied",2.24730285303965
2020,"albany-esperance","Albany–Esperance","Cow-calf pairs",9.96283425856314
2020,"albany-esperance","Albany–Esperance","Unaccompanied",3.94753810244955
2020,"esperance-caiguna","Esperance–Caiguna","Cow-calf pairs",10.3171073601452
2020,"esperance-caiguna","Esperance–Caiguna","Unaccompanied",5.57123797447842
2021,"albany-augusta","Augusta–Albany","Cow-calf pairs",0.572466871285243
2021,"albany-augusta","Augusta–Albany","Unaccompanied",2.57610092078359
2021,"albany-esperance","Albany–Esperance","Cow-calf pairs",13.346438346377
2021,"albany-esperance","Albany–Esperance","Unaccompanied",3.94753810244955
2021,"esperance-caiguna","Esperance–Caiguna","Cow-calf pairs",21.4595833091021
2021,"esperance-caiguna","Esperance–Caiguna","Unaccompanied",8.87271232972489
2022,"albany-augusta","Augusta–Albany","Cow-calf pairs",0.572466871285243
2022,"albany-augusta","Augusta–Albany","Unaccompanied",0.286233435642621
2022,"albany-esperance","Albany–Esperance","Cow-calf pairs",12.0305923122272
2022,"albany-esperance","Albany–Esperance","Unaccompanied",1.8797800487855
2022,"esperance-caiguna","Esperance–Caiguna","Cow-calf pairs",21.2532411618992
2022,"esperance-caiguna","Esperance–Caiguna","Unaccompanied",3.92050079685519
2022,"caiguna-ceduna","Caiguna–Ceduna","Cow-calf pairs",8.76448112685462
2022,"caiguna-ceduna","Caiguna–Ceduna","Unaccompanied",0.449460570607929
2023,"albany-augusta","Augusta–Albany","Cow-calf pairs",0.858700306927864
2023,"albany-augusta","Augusta–Albany","Unaccompanied",0.286233435642621
2023,"albany-esperance","Albany–Esperance","Cow-calf pairs",3.94753810244955
2023,"albany-esperance","Albany–Esperance","Unaccompanied",6.57923017074924
2023,"esperance-caiguna","Esperance–Caiguna","Cow-calf pairs",10.1107652129423
2023,"esperance-caiguna","Esperance–Caiguna","Unaccompanied",12.1741866849714
2023,"caiguna-ceduna","Caiguna–Ceduna","Cow-calf pairs",2.35966799569163
2023,"caiguna-ceduna","Caiguna–Ceduna","Unaccompanied",5.05643141933921
2024,"albany-augusta","Augusta–Albany","Cow-calf pairs",2.28986748514097
2024,"albany-augusta","Augusta–Albany","Unaccompanied",1.14493374257049
2024,"albany-esperance","Albany–Esperance","Cow-calf pairs",9.77485625368459
2024,"albany-esperance","Albany–Esperance","Unaccompanied",3.57158209269245
2024,"esperance-caiguna","Esperance–Caiguna","Cow-calf pairs",21.8722676035079
2024,"esperance-caiguna","Esperance–Caiguna","Unaccompanied",22.4912940451166
2024,"caiguna-ceduna","Caiguna–Ceduna","Cow-calf pairs",8.42738569889868
2024,"caiguna-ceduna","Caiguna–Ceduna","Unaccompanied",1.57311199712775
